Algorithm,Best_EMO_Profit_CNY,Mean_EMO_Profit_CNY,Std_Dev,Average_CPU_Time_s,Feasible_Rate_pct,Mean_Grid_Loss_kW,Mean_Voltage_Deviation_kV,Mean_Renewable_Penetration_pct
GA,34277.686545,33804.624752,165.647409,0.170117,100.000000,79.292315,0.273044,31.042789
PSO,35042.678444,34758.865397,148.483449,0.149013,100.000000,78.736444,0.272007,31.239689
CPSO,35383.426431,35096.667011,264.677879,0.139984,100.000000,78.519820,0.271650,31.439024
